Workbook

Sheet Pan India Summary
A1: PAN INDIA HOTEL PROJECT SUMMARY(AS OF JUNE 2025)
A2: Sl no | B2: Cluster head | C2: Locations covered | D2: Hotels | E2: Total Keys
A3: 1 | B3: Renovation | C3: Shack Project | D3: ='1. Additional'!A4 -> 1 | E3: =Table811[[#This Row],[NO. OF KEYS]] -> 20
A4: 2 | B4: North Projects | C4: Tapasya-Gurugram, Baddi - Himachal Pradesh, Lucknow, Mussorie, Mall Road Mussorrie,Ambala. | D4: ='2. North projects'!A10 -> 6 | E4: ='2. North projects'!G10 -> 512
A5: 3 | B5: Mr.Ajith kumar | C5: Pushkar,Bhopal,Chittogarh-Bari sadri,Kattu shamji . | D5: ='3. Mr.Ajith Kumar'!A8 -> 5 | E5: ='3. Mr.Ajith Kumar'!G8 -> 423
A6: 4 | B6: Mr.Kunal Banerjee | C6: Bhadohi, Jamshedpur, Tezpur, Patna, Bhopal Airport. | D6: ='4. Mr. Kunal'!A7 -> 4 | E6: ='4. Mr. Kunal'!H7 -> 204
A7: 5 | B7: Mr.Vikas Passi | C7: Rajkot,,Nanded,,Gir,Mulshi,Bhuj,Anjar,Bhavnagar,Uruli Kanchan,Mundra ,Vododara. | D7: ='5. Mr. Vikas passi'!A16 -> 13 | E7: ='5. Mr. Vikas passi'!G16 -> 809
A8: 6 | B8: Mr.Shiwam Verma | C8: Goa - Dodamarg,Fenicia. | D8: ='6. Mr. Shivam verma'!A5 -> 2 | E8: ='6. Mr. Shivam verma'!G5 -> 257
A9: 7 | B9: Mr.Sarvanan | C9: Tirupathi,Vijayawada. | D9: ='7. Mr. Sarvanan '!A5 -> 2 | E9: ='7. Mr. Sarvanan '!G5 -> 91
C10: Total | D10: =SUM(D4:D9) -> 32 | E10: =SUM(E4:E9) -> 2296

Sheet 1. Additional
A1: Renovation Projects
A2: S.NO. | B2: LOCATION | C2: STATE | D2: HOTEL | E2: OWNER | F2: CONTACT DETAILS | G2: NO. OF KEYS | H2: OPENING DATE | I2: ARCHITECT | J2: ARCHITECT PORTFOLIO | K2: CONTACT DETAILS OF ARCHITECTS | L2: ARCHITECTURAL DRAWINGS | M2: RENDERINGS | N2: INTERNAL MEMORANDUM | O2: PROJECT SCHEDULE | P2: PRESENT WORK STATUS AT SITE | Q2: PROJECT FEEDBACK | R2: PROJECT STATUS | S2: ENGINEER / PROJECT MANAGER AT SITE | T2: E/P CONTACT DETAILS
A3: 1 | B3: Shack Project | C3: Goa | D3: Royal Orchid Beach Resort & spa | G3: 20 | P3: https://workdrive.zohopublic.in/file/9n8pmf28a539d433c4e78806ff66f7cf4706b
A4: =COUNT(A3:A3) -> 1 | F4: TOTAL KEYS | G4: =SUM(G3) -> 20

Sheet 2. North projects
A1: North Projects
A2: Sl.No | B2: LOCATION | C2: STATE | D2: HOTEL NAME | E2: OWNER | F2: CONTACT DETAILS | G2: NO. OF KEYS | H2: OPENING DATE | I2: ARCHITECT | J2: ARCHITECT PORTFOLIO | K2: CONTACT DETAILS OF ARCHITECTS | L2: ARCHITECTURAL DRAWINGS | M2: RENDERINGS | N2: INTERNAL MEMORANDUM | O2: PROJECT SCHEDULE | P2: PRESENT WORK STATUS AT SITE | Q2: PROJECT FEEDBACK as on 28th August | R2: PROJECT STATUS | S2: ENGINEERS/ PROJECT MANAGERS AT SITE | T2: CONTACT DETAILS | U2: Column1
A3: 1 | B3: Gurugram | C3: Haryana | D3: Tapasya | E3: Mr. Vijay kapoor | F3: 9910038697 | G3: 128 | H3: 46143 | I3: Ms.Saylee-total integrated design pvt ltd | J3: https://workdrive.zohopublic.in/file/qusyg9ef214c951f74462b90710cc7fdf1fd4 | K3: 9871237816 | L3: https://workdrive.zohopublic.in/folder/qusyg8c0001c0a6124df3a3dafa2ae787d660 | O3: https://workdrive.zohopublic.in/file/d7kd5890e5288744446acab55126846884182 | P3: https://workdrive.zohopublic.in/file/idymt1a28e8c06a4d41d78c7bd0808710185f | Q3: All the approvals have been issued to project for execution. The projects are happening in full swing . As per the latest discussion with Mr. Kapur , Guest rooms / Trasition Lobby / Reception/ Bar works are in advance stage . ADD/ Banquate halls ceiling height reduction and civil work are started . | R3: Civil &Interior Work in progress | S3: Mr.Anil Chauhan | T3: 9717127878
A4: 2 | B4: Ambala | C4: Haryana | D4: Regenta Z | E4: Mr.pavan Agarwal | F4: 9215228328 | G4: 36 | H4: 46023 | I4: Ms.Suganda chopra | K4: 9816800688 | M4: https://workdrive.zohopublic.in/folder/116voe17ad800682c47af80f36462640ac03d | N4: https://workdrive.zohopublic.in/file/7l4hk44e98615cccb464eb7e9c4b7633ef2cf | O4: - | P4: https://workdrive.zoho.in/folder/9n8pma0ecd665d05e45c9b0b9b2e784295669 | Q4: One mockup work in Progress.
A5: 3 | B5: Mall road Mussoorie | C5: Uttarakhand | D5: Regenta Place | E5: Mr. Ashwin | F5: 9105610497 | G5: 45 | H5: =DATE(2026,3,25) -> 46106 | I5: Studio line craft - Mr.Vikram Khatri | J5: https://studiolinecraft.in/ | K5: 9811766887 | L5: https://workdrive.zoho.in/folder/9n41ya9a0447883a94f799851a3abfd41ed6d | M5: https://workdrive.zohopublic.in/folder/qusyg90d67765b7934d95bf5f194b12ab2c27 | N5: https://workdrive.zohopublic.in/file/095bx6ed1b4f996dd4342a1bb2598623f41c8 | O5: - | P5: https://workdrive.zohopublic.in/folder/qusyg3bc30b376cfe427881ce0d81fe78fdc6 | Q5: All the approvals for mockup room have been shared mockup work in progress. Electrical /HVAC approvals have been issues for working . | R5: Mockup room in progress
A6: 4 | B6: Lucknow | C6: Uttar pradesh | D6: Regenta | E6: Mr. Sandeep | F6: 9899522393 | G6: 190 | H6: 46357 | I6: Design BNK-Mr.Behzad | J6: https://workdrive.zohopublic.in/file/qusygce62f3453d0946039297c7fa063e8acd | K6: 99201 16767 | L6: https://workdrive.zohopublic.in/folder/qusyg32a71378106b4a41a14b57cf99ed3196 | M6: https://workdrive.zohopublic.in/folder/qusygaf6b1398826846edb7550058bd3ac066 | N6: https://workdrive.zohopublic.in/file/qusyg3b6b95f3c43a457b996417237d7bd596 | O6: - | P6: https://workdrive.zohopublic.in/folder/qusyg842a273b31624ebbb65184aabdc519f3 | Q6: Rendering of guest room and public area is finalized ,MUR/MEP in progress, | R6: Guest &Corridor design Approved rest in progress
A7: 5 | B7: Mussoorie | C7: Uttarakhand | D7: Regenta | E7: Mr. Rishi - CEO | F7: 9899750505 | G7: 70 | H7: 46296 | I7: Studio whizztech - Tarun kumar | J7: https://workdrive.zohopublic.in/file/qusyge34d476afc4d412782395166c4f7fc44 | K7: 9868087509 | L7: https://workdrive.zohopublic.in/folder/qusygce323cf0f36940cda2302f144c9c59f4 | M7: https://workdrive.zohopublic.in/folder/qusyg006f00a722a646e68d36d6e52b611cb9 | N7: https://workdrive.zohopublic.in/file/d7kd5cd7a5fb817b64a9bbcbb9bade4683f75 | O7: - | P7: https://workdrive.zohopublic.in/folder/qusyga4657f27954d4479a98629f0c37268b4 | Q7: Site visit is completed Inputs have been shared for detail Drawings and Renderings. The actual measurements yet to receive from site. Dicussed with Mr. Rishi and they could not able to proceed as severe rain fall is happening. | R7: It is in design stage
A8: 6 | B8: Baddi | C8: Himachal Pradesh | D8: Regenta Place | E8: Mr.Shravan | F8: 92186 72900 | G8: 43 | H8: TBD | N8: https://workdrive.zoho.in/folder/9n8pmf5b4ba03170e4d1ab1a1fe5766fb004b | P8: https://workdrive.zoho.in/folder/9n8pmf24d6669c73a48648b214c1c57fd6380 | Q8: review to be done
A9: 7 | B9: Darbar Hall
A10: =COUNT(A3:A8) -> 6 | F10: Total | G10: =SUM(G3:G8) -> 512

Sheet 3. Mr.Ajith Kumar
A1: CLUSTER HEAD - MR. AJITH KUMAR
A2: S.NO. | B2: LOCATION | C2: STATE | D2: HOTEL NAME | E2: OWNER | F2: CONTACT DETAILS | G2: NO. OF KEYS | H2: OPENING DATE | I2: ARCHITECT | J2: ARCHITECT PORTFOLIO | K2: CONTACT DETAILS OF ARCHITECTS | L2: ARCHITECTURAL DRAWINGS | M2: RENDERINGS | N2: INTERNAL MEMORANDUM | O2: PROJECT SCHEDULE | P2: PRESENT WORK STATUS AT SITE | Q2: PROJECT FEEDBACK | R2: PROJECT STATUS | S2: ENGINEERS / PROJECT MANAGERS AT SITE | T2: E/P CONTACT DETAILS
A3: 1 | B3: Kattu shamji | C3: Rajasthan | D3: Regenta | E3: Mr. Himanshu | F3: 9352945772 | G3: 120 | H3: =DATE(2025,10,4) -> 45934 | I3: ARCH POINT -Vasuda goyal | J3: https://www.archpoint.in/ | K3: 7691099000 | L3: https://workdrive.zohopublic.in/folder/qusygd6b8b63993df454abebbafbf73b2ca9a | M3: https://workdrive.zohopublic.in/folder/qusyge274ad472c4249f4ab9e7496514cec2e | N3: https://workdrive.zohopublic.in/file/qusyg16dfd9ad70224d3a9e8fa5655deb6f93 | O3: https://workdrive.zohopublic.in/file/d7kd58d9a4c56144243e0b56afc0e70584e32 | P3: https://workdrive.zoho.in/folder/9n8pmd5d04502ccdd4bf1aa2ffe9cc5634b8c | Q3: Work in progress ,all the approval have been given. Handover in progress.. | R3: Civil and interior work in progress
A4: 2 | B4: Bhopal | C4: Madya pradesh | D4: Regenta kailash | E4: Mr. Yogendra tripathi | F4: 9425511557 | G4: 72 | H4: =DATE(2025,12,4) -> 45995 | I4: SATYENDRA - DESIGN NAVIGATE | J4: https://workdrive.zohopublic.in/folder/qusygd280634fb2574f6bb6f6041a766c9da6 | K4: 9717980305 | M4: https://workdrive.zohopublic.in/folder/qusyg1a86a8adb6164873a4b8bf4852a6524d | N4: https://workdrive.zohopublic.in/file/qusyg3ce6f9245cd641db96f678ed12da8dbf | O4: https://workdrive.zohopublic.in/file/d7kd596196f32b5f94d1ca0504cac07bf45c3 | Q4: Work is under hold ,no project work is happening the project shall be completed by end of dec. | R4: Interior and MEP work in progress
A5: 3 | B5: Pushkar | C5: Rajasthan | D5: Regenta resort | E5: Mr. Dinesh yadav | F5: 9828033340 | G5: 104 | H5: =DATE(2025,11,25) -> 45986 | I5: Design Frame | J5: https://www.facebook.com/designframe30/ | K5: 9352588132 | L5: https://workdrive.zohopublic.in/file/gaqr18972050a3522423c9e30a5c1499f16a8 | O5: https://workdrive.zohopublic.in/file/d7kd5e12435e83e21427c92ff2b3a17349c34 | P5: https://workdrive.zoho.in/folder/9n8pm551ce5d20c144c209165f04bed601bba | Q5: meeting to be scheduled on 2nd week of october | R5: Civil and interior work in progress
A6: 4 | B6: Chittogarh, bari sadri | C6: Rajasthan | D6: Regenta resort | E6: Mr. Sanjay chaudhary | F6: 9001853733 | G6: 57 | H6: =DATE(2026,1,26) -> 46048 | I6: Bhate ji Bedwas | J6: NA | K6: 9414733276/ 7014521966 | N6: https://workdrive.zohopublic.in/file/d7kd5e52d5a7f511542fb8815ed9565de699a | O6: - | P6: https://workdrive.zohopublic.in/folder/qusygb44b8ee04d25448c81ed8182b28ddace | Q6: No updates from site .Mr ajith is in touch with owners. | R6: Civil and interior work in progress
A7: 5 | B7: Bhopal Airport | C7: Madya pradesh | D7: Regenta | E7: Mr.Prateek | F7: 7000823459 | G7: 70 | H7: =DATE(2026,11,25) -> 46351 | I7: Ajeet lalwani | J7: https://www.facebook.com/share/16JJXkegQV/?mibextid=wwXIfr | K7: 9425024008 | N7: https://workdrive.zohopublic.in/file/z2rn5c90849a3526140848dfed3bd8d666fee | O7: - | Q7: We have asked for the rendering for MUR and Public areas
A8: =COUNT(A3:A7) -> 5 | F8: Total | G8: =SUM(G3:G7) -> 423

Sheet 4. Mr. Kunal
A1: CLUSTER HEAD - MR. KUNAL BANERJEE
A2: S.NO. | B2: LOCATION | C2: STATE | D2: CLUSTER HEAD | E2: HOTEL | F2: OWNER | G2: CONTACT DETAILS | H2: NO. OF KEYS | I2: OPENING DATE | J2: ARCHITECT | K2: ARCHITECT PORTFOLIO | L2: CONTACT DETAILS OF ARCHITECTS | M2: ARCHITECTURAL DRAWINGS | N2: RENDERINGS | O2: INTERNAL MEMORANDUM | P2: PROJECT SCHEDULE | Q2: PRESENT WORK STATUS AT SITE | R2: PROJECT FEEDBACK | S2: PROJECT STATUS | T2: ENGINEER / PROJECT MANAGER AT SITE | U2: CONTACT DETAILS
A3: 1 | B3: Tezpur | C3: Assam | D3: Mr Kunal | E3: Regenta Place | F3: Mr Nikhlesh Satani | G3: 9954899644 | H3: 38 | I3: =DATE(2026,3,26) -> 46107 | J3: Food service design india | K3: https://workdrive.zohopublic.in/folder/qusyg6065c4e335ba4193b60fabfafb9649fc | L3: 9810086477 | M3: https://workdrive.zohopublic.in/folder/qusyg843f74f0d76248f7833875ba60c672b2 | P3: https://workdrive.zohopublic.in/file/d7kd5e0c9bea498e94e1d86793becdf5a56f2 | Q3: https://workdrive.zoho.in/folder/9n8pm90eceb3c92244272957938deede4c348 | R3: We had a review on 16th august with Mr. Arjun and Mr. Baljee. All approvals have been given and final drawings and renderings are awaited . | S3: Civil & interior work in progress
A4: 2 | B4: Bhadohi | C4: Uttar Pradesh | D4: Mr. Kunal | E4: Regenta Central | F4: Mr. Puneet Mehra | G4: 9335789978 | H4: 56 | I4: =DATE(2025,10,25) -> 45955 | J4: Narayan jariwala-harmony interior and associates | K4: https://workdrive.zohopublic.in/folder/qusygddb751c59db848a98f94561a2296e9e7 | L4: 9426115187 | M4: https://workdrive.zohopublic.in/folder/qusyg5b50a57d8fa04d649cd6f0a8d899108c | N4: https://workdrive.zohopublic.in/folder/qusygea2c3b01ff314791b7df664ad9a8c609 | P4: https://workdrive.zohopublic.in/file/d7kd58244f99f687341d9bef7dd5662380829 | Q4: https://drive.google.com/drive/folders/1N3046mw_kKSkA8__ZSuvY77WoxuoW76h?usp=drive_link | R4: Work Progress is very slow and owner wanted to open the property by October -25 which is nonrealistic based on the progress. We have asked for Gantt chart a month back to know the completion and we are yet to receive the details from the owners. | S4: Civil and Interior work in progress | T4: Mr. Deepak Tiwari | U4: 8573037407
A5: 3 | B5: Patna | C5: Bihar | D5: Mr.Kunal | E5: Regenta Z | F5: Mr.Anurag | G5: 9934280454 | H5: 50 | I5: =DATE(2025,11,25) -> 45986 | J5: Japcon Architects | K5: https://workdrive.zoho.in/folder/eul5o72bc88ef922e4bdeb03ab1a8827cd0f7 | L5: 9886083430 | M5: https://workdrive.zohopublic.in/folder/d7kd5ebbfb63df5f04987a495aa76b9a89c39 | O5: https://workdrive.zohopublic.in/file/n8aq8bad2560118ed43d2801661dafc34c449 | P5: https://workdrive.zohopublic.in/file/d7kd5a7e3924bb773404d8757cb910112ab01 | R5: The design we have approved and shared . Work progress is very slow. | S5: Designer to be Appointed
A6: 4 | B6: Jamshedpur | C6: Jharkhand | D6: Mr Kunal | E6: Regenta central | F6: Mr. Harish | G6: 9234000011 | H6: 60 | I6: =DATE(2026,8,25) -> 46259 | J6: Dimensions graph | K6: https://dimensiongraph.com/ | L6: 9163755866 | M6: https://workdrive.zohopublic.in/folder/qusyge6e299ce229c4147a34407132e99e9eb | N6: https://workdrive.zohopublic.in/folder/d7kd5ecb4fdc5239f42c8964eae2eecce3ebe | P6: - | Q6: https://workdrive.zoho.in/folder/9n8pmc828b7dd1e80474faaea67151e9792e6 | R6: The mockup room has been approved and it is in progress | S6: Mockup room in progress
A7: =COUNT(A2:A6) -> 4 | G7: Total | H7: =SUM(H3:H6) -> 204

Sheet 5. Mr. Vikas passi
A1: CLUSTER HEAD - MR. VIKAS PASSI
A2: 0 | B2: LOCATION | C2: STATE | D2: HOTEL | E2: OWNER | F2: CONTACT DETAILS | G2: NO. OF KEYS | H2: OPENING DATE | I2: ARCHITECT | J2: ARCHITECT PORTFOLIO | K2: CONTACT DETAILS OF ARCHITECTS | L2: ARCHITECTURAL DRAWINGS | M2: RENDERINGS | N2: INTERNAL MEMORANDUM | O2: PROJECT SCHEDULE | P2: PRESENT WORK STATUS AT SITE | Q2: PROJECT FEEDBACK | R2: PROJECT STATUS | S2: ENGINEERS / PROJECT MANAGERS AT SITE | T2: CONTACT DETAILS2
A3: 1 | B3: RAJKOT | C3: GUJARAT | D3: Regenta Central | E3: Mr. Bakir Gandhi | F3: 9374021500 | G3: 70 | H3: 45992 | I3: Mr. MEHBOOB LIGHTWALA | K3: 9824009327 | L3: https://workdrive.zohopublic.in/folder/qusygc0a5bcabeab74f038154b1f66ca51c44 | O3: https://workdrive.zohopublic.in/file/lmporc2be66ce1ba64904870d925c8e7c8bb4 | P3: https://workdrive.zoho.in/file/9n8pme7d889243a88419784a608e0bdc8a8e8 | Q3: Work progress is very slow. Mr. Rakesh had a meeting with Mr.Bakir Gandhi about the ADD/ BOH to complete . | R3: Civil and Interior Work in progress | S3: Mr.Pravin parmar | T3: 9904260771
A4: 2 | B4: Rajkot - Greenland Chokdi | C4: Gujarat | D4: Regenta place | E4: Mr.Lalit Savaliya | F4: 9825192234 | G4: 50 | H4: =DATE(2025,12,25) -> 46016 | I4: Mr.Vipul Godaliya | K4: 8460807854 | N4: https://workdrive.zohopublic.in/file/gzano4ff33ea382e54f0a8d8bcfdb488ec5f1 | Q4: The Kick off meeting we had on 28tgh August and the rooms are in progress. We need to give inputs of banquet halls and terrace.
A5: 3 | B5: NANDED | C5: MAHARASHTRA | D5: Regenta Central | E5: Mr. Ashish Kotgire | F5: 9422170979 | G5: 60 | H5: 45992 | I5: Mr. Rahul Malviya | K5: 9920840633 | L5: https://workdrive.zohopublic.in/folder/qusyg6bc881e93bf64c47b9bfa41fda55c47d | M5: https://workdrive.zohopublic.in/folder/qusygb2b0a2d4fb4f4da2a4e6430445f63239 | O5: https://workdrive.zohopublic.in/file/d7kd502e422bf19554027b14a6bf45bc43039 | P5: https://workdrive.zoho.in/folder/9n8pm1b22dd19b6104c75b83c7b6e42294180 | Q5: Work is in Progress in slow pace. | R5: Civil and Interior Work in progress | S5: Mr.Aditya Kotgire | T5: 9403590979
A6: 4 | B6: Bhuj | C6: GUJARAT | D6: Regenta central Bhuj | E6: Mr.Kiren Chedda | F6: 9726997880 | G6: 59 | H6: =DATE(2025,10,25) -> 45955 | I6: Mr. Anil Thakkur | J6: https://workdrive.zohopublic.in/folder/qusyg5f6e932660a2402ab330ab7f418a40cd | K6: 9870060053 | L6: https://workdrive.zohopublic.in/folder/qusyg8878189c4ba24491a7b0edba63962f64 | M6: https://workdrive.zohopublic.in/folder/qusyg675100a82a8e4df3b4b9519ee7ad6d9c | N6: https://workdrive.zohopublic.in/file/qusyg642a72db472d4e8698e28b1905b3feb9 | O6: https://workdrive.zohopublic.in/file/d7kd575e05f4d3dca40c5a216f63d860db437 | P6: https://workdrive.zoho.in/folder/9n8pm01ddfc7ebac44d38bc87efaef8219416 | Q6: Work is in Progress .Snagging and pending work Fallow up is going on by Pre opening Team | R6: Civil and Interior Work in progress | S6: Mr. Dhaval | T6: 9820263940
A7: 5 | B7: Anjar | C7: GUJARAT | D7: Regenta INN ANJAR | E7: Mr. Harish Chauhan | F7: 9879198077 | G7: 44 | H7: =DATE(2025,10,25) -> 45955 | I7: Mr. Nirav Sonagra | J7: https://workdrive.zohopublic.in/folder/qusyge94dbb6e64a34b85be254ea01f70542b | K7: 9824113661 | L7: https://workdrive.zohopublic.in/folder/qusyg8c1254f35f0241c986c47babbef34777 | M7: https://workdrive.zohopublic.in/folder/qusyga03a7bf3afbe4728b6742401f18f1e45 | O7: https://workdrive.zohopublic.in/file/d7kd5f4382a73e7f445ff9d3f4c39b92ec0e1 | P7: https://workdrive.zoho.in/folder/9n8pm85d64cd7d14c4f7780753d9a6f27b248 | Q7: Work is slow | R7: Structural work is completed ,civil and interior works are pending | S7: Mr .Haresh Chauhan Mr.Ramesh Solanki | T7: 9879198077 9638296947
A8: 6 | B8: Bhavnagar | C8: GUJARAT | D8: Regenta Resorts | E8: Mr. Yashraj Kamdar | F8: 91 73741 111 | G8: 65 | H8: =DATE(2025,12,25) -> 46016 | I8: Mr.Narendra Singh Gohil | J8: https://nandinfrastructure.com/team/narendrasinh-jilubha-gohil/ | K8: 9824245252 | L8: https://workdrive.zohopublic.in/folder/qusyg25cecd5e3d374bbfa34ca2ac31256c72 | M8: https://workdrive.zohopublic.in/folder/qusyg45cc9c0a7f1a4996861412a871761af2 | N8: https://workdrive.zohopublic.in/file/qusygeac3729e37d642a481438a49935be854 | O8: https://workdrive.zohopublic.in/file/d7kd53d6cbc548aae4111b0eaf016cef19a9a | P8: https://workdrive.zoho.in/folder/qusyg900b96820f8541f7a88858f84327bc25 | Q8: Review is happening in the month of October. | R8: Civil and Interior Work in progress | S8: Tina Bhai | T8: 8155057272
A9: 7 | B9: Bharti / Uruli kanchan | C9: MAHARASHTRA | D9: Regenta Resort | E9: Mr.Ravindra Balu Bharti | F9: 7570909090 | G9: 70 | H9: HOLD | L9: https://workdrive.zohopublic.in/folder/qusyg24934f08b81849979cb4485b702efcd3 | N9: https://workdrive.zohopublic.in/file/gaqr14ca98be02fab4810aa2b354f45ff7411 | O9: - | Q9: 20 ROOMS ARE OPERATIONAL | R9: work is on hold
A10: 8 | B10: Gir | C10: GUJARAT | D10: Regenta Central | E10: Mr. Harish Balani | F10: 61410073369 | G10: 80 | H10: =DATE(2026,3,26) -> 46107 | I10: Mr. Rishi | K10: 9723143430 | M10: https://workdrive.zohopublic.in/folder/qusygf48229e2cee344e9880ca1fcd129e8ee | N10: https://workdrive.zohopublic.in/file/qusyg939e03238ba14a8197ae55a120e33105 | O10: https://workdrive.zohopublic.in/file/9n8pm26fa6e61fcd84a1190044c368529ce3f | P10: https://workdrive.zoho.in/file/9n8pme139f7a209174f99be937f7b9efeadab | Q10: Work is very slow .Detailed meeting to be doJ10:Q10ne. Owner in austrila and we are arranging review meeting by 10th of October | R10: Civil and Interior Work in progress | S10: Mr.pravin parmar Mr.Hasu | T10: 9904260771 9099283282
A11: 9 | B11: Mulshi | C11: MAHARASHTRA | D11: Regenta Central | E11: Mr. Harish | F11: 9822023135 | G11: 65 | H11: =DATE(2026,3,26) -> 46107 | I11: Ms. Poorva Shinde | J11: https://workdrive.zohopublic.in/folder/qusyge94dbb6e64a34b85be254ea01f70542b | K11: 9011074334 | L11: https://workdrive.zohopublic.in/folder/qusyg4bf61df199ba4b9b969bebf50cf38fa1 | M11: https://workdrive.zohopublic.in/folder/qusygc0422d7e80ec4af5888efcf20dcda36e | N11: https://workdrive.zohopublic.in/file/qusyg4a5b0afc191a4e4fa2e4a86b437c4c1d | O11: - | P11: https://workdrive.zoho.in/folder/9n8pmbaf179fad16b4269ab61f387e5d043be | Q11: All the approvals have been given from project side .Progress Review is pending. | R11: Civil ,Interior & MEP Works in progress | S11: Mr.Yogesh Khaliakar Mr.Sunil | T11: 9922448303 9923023200
A12: 10 | B12: Panchgani | C12: MAHARASHTRA | D12: Regenta Resort | E12: Mr. Gaikwad | F12: 9820803060 | G12: 60 | H12: HOLD | O12: - | P12: - | R12: Stopped due to some Environmental issues
A13: 11 | B13: Mundra | C13: Gujarat | D13: Regenta | E13: Mr.Kishan | F13: 7283851909 | G13: 101 | H13: TBD | N13: https://workdrive.zohopublic.in/file/gaqr1243e6dc63f164ecfa9ad8f2e728ce767 | O13: - | P13: - | Q13: We had initial meeting . Basic preperation is happening at site . | R13: Designing stage
A14: 12 | B14: Vododara | C14: Gujarat | D14: Regenta Z | E14: Mr.Naresh | F14: 9898796888 | G14: 37 | H14: =DATE(2025,11,25) -> 45986 | I14: Mr.Prashanth | J14: https://workdrive.zohopublic.in/file/idymte91df033385e453b815cc25785446c7b | K14: 9501440007 | L14: https://workdrive.zohopublic.in/folder/qusyga4853687d90d474abf86fb9a462d5cae | M14: https://workdrive.zohopublic.in/folder/qusyg680d185fd3d340fc8cfb74bfd64f18e0 | O14: - | P14: https://workdrive.zohopublic.in/folder/zz7163ec09da5685d4f0e96abf4a2fcd92198 | Q14: Site Visit is done and all inputs as per Regenta Z are given. Work in Full swing and they wanted to open the hotel by end of september. | R14: Civil & interior Work In progress
A15: 13 | B15: Ahmedabad | C15: Gujarat | D15: Regenta place | E15: Mr.Romil patni | F15: 9586099888 | G15: 48 | H15: =DATE(2025,10,25) -> 45955 | N15: https://workdrive.zohopublic.in/file/idymt3de683894e2d47acb86ad78dee9e0c81 | Q15: Site Visit is done and all inputs as per Regenta Z are given. Work in Full swing and they wanted to open the hotel by end of september.
A16: =COUNT(A3:A15) -> 13 | F16: TOTAL | G16: =SUM(G3:G15) -> 809

Sheet 6. Mr. Shivam verma
A1: CLUSTER HEAD - MR. SHIWAM VERMA
A2: S.NO. | B2: LOCATION | C2: STATE | D2: HOTEL | E2: OWNER | F2: CONTACT DETAILS | G2: NO. OF KEYS | H2: OPENING DATE | I2: ARCHITECT | J2: ARCHITECT PORTFOLIO | K2: CONTACT DETAILS OF ARCHITECTS | L2: ARCHITECTURAL DRAWINGS | M2: RENDERINGS | N2: INTERNAL MEMORANDUM | O2: PROJECT SCHEDULE | P2: PRESENT WORK STATUS AT SITE | Q2: PROJECT FEEDBACK | R2: PROJECT STATUS | S2: ENGINEER / PROJECT MANAGER AT SITE | T2: E/P CONTACT DETAILS
A3: 1 | B3: Dodamarg | C3: Goa | D3: Regenta | E3: Mr. Bharat | F3: 8800590867 | G3: 219 | H3: 46082 | I3: Mr poorva shinde | J3: https://workdrive.zohopublic.in/folder/qusyge94dbb6e64a34b85be254ea01f70542b | K3: 9011074334 | L3: https://workdrive.zohopublic.in/folder/qusyg925f04aaf23244dbaea58d4de460ed34 | M3: https://workdrive.zohopublic.in/folder/qusyg203a4fbf3a73483585f5cf5f9a94ed10 | O3: https://workdrive.zohopublic.in/file/9n8pme1d7190aa2eb4e958e48cb6f1de0db01 | P3: https://workdrive.zohopublic.in/folder/qusyg40f9e4c94d5c49939c9c1f652529d9b5 | Q3: As per the latest meeting we had works are happening as per the ROHL approval done.
A4: 2 | B4: Fenicia | C4: Goa | D4: Crestoria | E4: Mr. | G4: 38 | H4: 45992 | P4: https://feniciaresort.com/ | Q4: we had detailed review in the meeting held on 29 sept.
A5: =COUNT(A3:A4) -> 2 | F5: TOTAL KEYS | G5: =SUM(G3:G4) -> 257

Sheet 7. Mr. Sarvanan 
A1: CLUSTER HEAD - MR . SARVANAN
A2: S.NO. | B2: LOCATION | C2: STATE | D2: HOTEL | E2: OWNER | F2: CONTACT DETAILS | G2: NO. OF KEYS | H2: OPENING DATE | I2: ARCHITECT | J2: ARCHITECT PORTFOLIO | K2: CONTACT DETAILS OF ARCHITECT | L2: ARCHITECTURAL DRAWINGS | M2: RENDERINGS | N2: INTERNAL MEMORANDUM | O2: PROJECT SCHEDULE | P2: PRESENT WORK STATUS AT SITE | Q2: PROJECT FEEDBACK | R2: PROJECT STATUS | S2: ENGINEER / PROJECT MANAGER AT SITE | T2: CONTACT DETAILS2
A3: 1 | B3: Thirupathi | C3: ANDHRA PRADESH | D3: Regenta central | E3: Mr. Girish | F3: 9004570963 | G3: 54 | H3: 45992 | I3: Mr. Harain Murthy | J3: https://workdrive.zohopublic.in/file/qusygef1af613a2e24b3caa9b463608386761 | K3: 9590194154 | L3: https://workdrive.zohopublic.in/folder/qusyge9fca32670204053b0cacb3142045e1b | M3: https://workdrive.zohopublic.in/folder/qusygb9d0610e40194ab19206964358aa0eac | O3: - | P3: https://workdrive.zohopublic.in/folder/9n8pm75a3fb3aead6409890de1a9e584a4eb3 | Q3: work is happening in full swing.Property will be ready by end of december
A4: 2 | B4: Vijaywada | C4: ANDHRA PRADESH | D4: Regenta Z | E4: Mr.Mohan | G4: 37 | H4: =DATE(2025,12,25) -> 46016 | I4: Ms.Divya sharma verneker | J4: https://www.idadubai.com/ | K4: 9741785607 | O4: - | P4: https://workdrive.zohopublic.in/folder/d7kd5713c23bfdb3e459da9af1ee1be994380 | Q4: survey is completed. Inputs have been given as per brand specific. We have asked them to complete one mock up asap.
A5: =COUNT(A3:A4) -> 2 | F5: TOTAL KEYS | G5: =G3+G4 -> 91
